age_group,CFR,hospitalised,prop_symptomatic
0-9,0,0,0.1473718
10-19,0.09,0.8,0.07302868
20-29,0.1,0.8,0.2961226
30-39,0.12,1,0.4191036
40-49,0.23,1.9,0.4445867
50-59,0.68,5.4,0.563572
60-69,1.87,15.1,0.8169443
70-79,4.14,33.3,0.7505599
80-89,7.68,61.8,0.7505599
